6+72_IPHONE-8_S.jpg,0
134_NIKON-D3400-18-55MM_S.JPG,0
318_HONOR-7C_S.jpg,0
231_IPHONE-7-PLUS_S.jpg,0
296_NIKON-D3400-35MM_S.JPG,0
91_HONOR-7X_S.jpg,0
45_HONOR-7X_S.jpg,0
141_NIKON-D3400-18-55MM_S.JPG,0
76_HONOR-8X_S.jpg,0
207_SAMSUNG-GALAXY-J7_S.jpg,0
262_IPHONE-SE_S.jpg,0
119_HONOR-7X_S.jpg,0
154_IPHONE-7_S.jpeg,0
95_HONOR-7X_S.jpg,0
158_IPHONE-7_S.jpeg,0
44_SONY-XPERIA-E5_S.jpg,0
277_NIKON-D3400-18-55MM_S.JPG,0
304_SAMSUNG-GALAXY-J7_S.jpg,0
39_XIAOMI-MI8-LITE_S.jpg,0
232_SAMSUNG-EDGE-7C_S.jpg,0
99_HONOR-7X_S.jpg,0
244_HONOR-7X_S.jpg,0
70_HONOR-8X_S.jpg,0
302_IPHONE-SE_S.jpeg,0
7_NIKON-D3400-35MM_S.JPG,0
111_IPHONE-7_S.jpeg,0
203_IPHONE-SE_S.jpg,0
156_HUAWEI-P30-LITE_S.jpg,0
283_HONOR-10_S.jpg,0
18_XIAOMI-REDMI-5-PLUS_S.jpg,0
77_HONOR-7C_S.jpg,0
33_HONOR-8X_S.jpg,0
170_IPHONE-8_S.JPG,0
52_HONOR-8X_S.jpg,0
257_HONOR-9_S.jpg,0
241_HONOR-7X_S.jpg,0
148_NIKON-D3400-18-55MM_S.JPG,0
261_HONOR-10_S.jpg,0
197_HUAWEI-P20-LITE_S.jpg,0
340_XIAOMI-PROCOFONE-F1_S.jpg,0
280_NIKON-D3400-18-55MM_S.JPG,0
316_IPHONE-7_S.jpeg,0
239_IPHONE-6S_S.jpeg,0
198_HUAWEI-P20-LITE_S.jpg,0
132_NIKON-D3400-18-55MM_S.JPG,0
14_IPHONE-7_S.jpeg,0
89_IPHONE-6S_S.jpeg,0
147_NIKON-D3400-35MM_S.JPG,0
293_NIKON-D3400-35MM_S.JPG,0
184_HONOR-10_S.jpg,0
323_XIAOMI-PROCOFONE-F1_S.jpg,0
310_XIAOMI-PROCOFONE-F1_S.jpg,0
251_IPHONE-6S_S.jpeg,0
246_HONOR-9_S.jpg,0
160_HUAWEI-P20-LITE_S.jpg,0
226_IPHONE-7-PLUS_S.jpeg,0
297_NIKON-D3400-35MM_S.JPG,0
299_NIKON-D3400-35MM_S.JPG,0
1_XIAOMI-PROCOFONE-F1_S.jpg,0
224_ONEPLUS-3T_S.jpg,0
335_XIAOMI-PROCOFONE-F1_S.jpg,0
275_NIKON-D3400-18-55MM_S.JPG,0
288_XIAOMI-REDMI-NOTE-7_S.jpg,0
286_SONY-NEX-5T_S.JPG,0
347_XIAOMI-PROCOFONE-F1_S.jpg,0
193_IPHONE-7_S.jpeg,0
27_HONOR-8X_S.jpg,0
303_SAMSUNG-GALAXY-A8_S.jpg,0
25_HUAWEI-Y9_S.jpg,0
149_NIKON-D3400-18-55MM_S.JPG,0
84_IPHONE-XR_S.jpeg,0
139_NIKON-D3400-18-55MM_S.JPG,0
217_IPHONE-SE_S.jpg,0
128_XIAOMI-MI8-SE_S.jpg,0
336_ASUS-ZENFONE-LIVE-ZB501KL_S.jpg,0
130_NIKON-D3400-18-55MM_S.JPG,0
237_SAMSUNG-GALAXY-J5_S.jpg,0
108_XIAOMI-MI8-SE_S.jpg,0
41_XIAOMI-PROCOFONE-F1_S.jpg,0
281_NIKON-D3400-18-55MM_S.JPG,0
291_IPHONE-SE_S.jpg,0
278_HONOR-7X_S.jpg,0
166_XIAOMI-MI8-SE_S.jpg,0
305_HONOR-9_S.jpg,0
215_LG-Q6_S.jpg,0
61_XIAOMI-REDMI-7_S.jpg,0
270_NIKON-D3400-18-55MM_S.JPG,0
0_IPHONE-SE_S.JPG,0
211_SAMSUNG-GALAXY-7-NEO_S.jpg,0
57_IPHONE-SE_S.jpg,0
118_HONOR-7X_S.jpg,0
63_HUAWEI-P20_S.jpg,0
90_HONOR-7X_S.jpg,0
58_IPHONE-6S_S.jpeg,0
145_NIKON-D3400-18-55MM_S.JPG,0
121_HONOR-7X_S.jpg,0
263_XIAOMI-REDMI-3S_S.jpg,0
337_XIAOMI-PROCOFONE-F1_S.jpg,0
131_NIKON-D3400-18-55MM_S.JPG,0
125_NIKON-D3400-35MM_S.JPG,0
142_NIKON-D3400-18-55MM_S.JPG,0
178_HONOR-7X_S.jpg,0
201_IPHONE-SE_S.jpg,0
135_NIKON-D3400-18-55MM_S.JPG,0
97_HONOR-7X_S.jpg,0
159_NIKON-D3400-35MM_S.JPG,0
80_HUAWEI-P30-PRO_S.jpg,0
174_HUAWEI-P20_S.jpg,0
30_HONOR-8X_S.jpg,0
243_HONOR-7X_S.jpg,0
306_XIAOMI-REDMI-5-PLUS_S.jpg,0
127_IPHONE-8_S.jpeg,0
332_XIAOMI-PROCOFONE-F1_S.jpg,0
264_IPHONE-7_S.jpeg,0
292_NIKON-D3400-35MM_S.JPG,0
47_XIAOMI-REDMI-7_S.jpg,0
285_SONY-NEX-5T_S.JPG,0
317_IPHONE-8-PLUS_S.jpg,0
107_XIAOMI-MI8-SE_S.jpg,0
67_HONOR-8X_S.jpg,0
4_XIAOMI-PROCOFONE-F1_S.jpg,0
282_SONY-NEX-5T_S.JPG,0
271_NIKON-D3400-18-55MM_S.JPG,0
330_XIAOMI-PROCOFONE-F1_S.jpg,0
153_NIKON-D3400-18-55MM_S.JPG,0
117_HONOR-7X_S.jpg,0
339_XIAOMI-REDMI-4X_S.jpg,0
258_HONOR-10_S.jpg,0
268_NIKON-D3400-18-55MM_S.JPG,0
191_NIKON-D3400-18-55MM_S.JPG,0
93_HONOR-7X_S.jpg,0
110_IPHONE-7_S.jpeg,0
260_HUAWEI-NOVA-LITE_S.jpg,0
123_NIKON-D3400-35MM_S.JPG,0
229_WILEYFOX-SWIFT-2-PLUS_S.jpg,0
169_HONOR-7X_S.jpg,0
171_HUAWEI-P20-LITE_S.jpg,0
342_XIAOMI-PROCOFONE-F1_S.jpg,0
22_HUAWEI-Y9_S.jpg,0
115_NIKON-D3400-35MM_S.JPG,0
311_HONOR-6X_S.jpg,0
319_XIAOMI-REDMI-NOTE-4X_S.jpg,0
250_IPHONE-SE_S.jpeg,0
309_SAMSUNG-GALAXY-A8_S.jpg,0
314_IPHONE-5S_S.jpeg,0
329_HONOR-7C_S.jpg,0
79_HUAWEI-P30-PRO_S.jpg,0
165_SAMSUNG-GALAXY-J3_S.jpg,0
116_BQ-5512L_S.jpg,0
327_IPHONE-SE_S.jpg,0
269_NIKON-D3400-18-55MM_S.JPG,0
105_IPHONE-SE_S.jpg,0
218_IPHONE-SE_S.jpg,0
81_SAMSUNG-GALAXY-J3_S.jpg,0
185_HONOR-6X_S.jpg,0
143_NIKON-D3400-18-55MM_S.JPG,0
100_NIKON-D3400-35MM_S.JPG,0
26_HONOR-8X_S.jpg,0
20_XIAOMI-REDMI-3S_S.jpg,0
245_HONOR-7X_S.jpg,0
32_HUAWEI-P-SMART_S.jpg,0
19_IPHONE-7-PLUS_S.jpeg,0
46_IPHONE-8-PLUS_S.jpg,0
308_IPHONE-6S_S.jpeg,0
75_HONOR-8X_S.jpg,0
157_NIKON-D3400-35MM_S.JPG,0
294_PRESTIGIO-MULTI-PHONE_S.jpg,0
133_NIKON-D3400-18-55MM_S.JPG,0
151_NIKON-D3400-35MM_S.JPG,0
51_IPHONE-SE_S.jpg,0
266_SONY-NEX-5T_S.JPG,0
298_NIKON-D3400-35MM_S.JPG,0
129_NIKON-D3400-18-55MM_S.JPG,0
3_HUAWEI-NOVA-LITE_S.jpg,0
255_XIAOMI-REDMI-7_S.jpg,0
242_IPHONE-6S_S.jpeg,0
36_HONOR-8X_S.jpg,0
312_ASUS-ZENFONE-LIVE-ZB501KL_S.jpg,0
65_NIKON-D3400-35MM_S.JPG,0
274_NIKON-D3400-18-55MM_S.JPG,0
182_HONOR-10_S.jpg,0
279_NIKON-D3400-18-55MM_S.JPG,0
138_NIKON-D3400-35MM_S.JPG,0
66_HONOR-8X_S.jpg,0
252_HUAWEI-P30_S.jpg,0
68_HONOR-8X_S.jpg,0
12_SAMSUNG-GALAXY-J5_S.jpg,0
55_HONOR-8X_S.jpg,0
259_XIAOMI-REDMI-7_S.jpg,0
199_CANON-6D-100MM_S.JPG,0
24_HUAWEI-Y9_S.jpg,0
349_IPHONE-SE_S.jpg,0
136_XIAOMI-REDMI-3S_S.jpg,0
267_SONY-NEX-5T_S.JPG,0
240_HONOR-7X_S.jpg,0
202_HUAWEI-P20-LITE_S.jpg,0
162_IPHONE-6S_S.jpg,0
5_XIAOMI-PROCOFONE-F1_S.jpg,0
78_NIKON-D3400-35MM_S.JPG,0
221_IPHONE-SE_S.jpg,0
74_HONOR-8X_S.jpg,0
10_ASUS-ZENFONE-LIVE-ZB501KL_S.jpg,0
29_HONOR-7X_S.jpg,0
17_HUAWEI-MATE20_S.jpg,0
88_HONOR-8X_S.jpg,0
219_IPHONE-6S_S.jpg,0
214_IPHONE-SE_S.jpg,0
83_HONOR-8X_S.jpg,0
315_HUAWEI-NOVA-LITE_S.jpg,0
290_IPHONE-SE_S.jpg,0
222_IPHONE-SE_S.jpg,0
188_NIKON-D3400-18-55MM_S.JPG,0
230_NOKIA-21_S.jpg,0
247_HONOR-7X_S.jpg,0
94_HONOR-7X_S.jpg,0
98_HONOR-7X_S.jpg,0
106_NIKON-D3400-35MM_S.JPG,0
23_HUAWEI-P20_S.jpg,0
300_XIAOMI-REDMI-NOTE-7_S.jpg,0
213_ONEPLUS-3T_S.jpg,0
168_CANON-6D-100MM_S.JPG,0
195_IPHONE-7_S.jpeg,0
344_XIAOMI-PROCOFONE-F1_S.jpg,0
249_IPHONE-SE_S.jpeg,0
326_XIAOMI-PROCOFONE-F1_S.jpg,0
341_XIAOMI-PROCOFONE-F1_S.jpg,0
248_IPHONE-7_S.jpeg,0
206_IPHONE-7_S.jpg,0
144_NIKON-D3400-18-55MM_S.JPG,0
346_HUAWEI-MATE20_S.jpg,0
113_SAMSUNG-GALAXY-A5_S.jpg,0
194_IPHONE-SE_S.jpg,0
272_NIKON-D3400-18-55MM_S.JPG,0
173_IPHONE-SE_S.jpg,0
212_IPHONE-SE_S.jpg,0
338_IPHONE-SE_S.jpg,0
320_HONOR-7X_S.jpg,0
120_HONOR-7X_S.jpg,0
228_ASUS-ZENFONE-LIVE-ZB501KL_S.jpg,0
40_IPHONE-6S_S.jpeg,0
104_IPHONE-SE_S.jpg,0
301_NIKON-D3400-35MM_S.JPG,0
31_IPHONE-SE_S.jpg,0
208_SAMSUNG-GALAXY-A5_S.jpg,0
186_HONOR-8_S.jpg,0
233_XIAOMI-REDMI-4_S.jpg,0
223_HONOR-4C_S.jpg,0
192_XIAOMI-MI8-SE_S.jpg,0
86_HONOR-8X_S.jpg,0
295_HONOR-7X_S.jpg,0
324_ASUS-ZENFONE-LIVE-ZB501KL_S.jpg,0
322_HONOR-7C_S.jpg,0
114_ASUS-ZE500KL_S.jpg,0
69_SAMSUNG-GALAXY-J3_S.jpg,0
34_HONOR-8X_S.jpg,0
42_NIKON-D3400-35MM_S.JPG,0
16_IPHONE-7_S.jpeg,0
126_NIKON-D3400-18-55MM_S.JPG,0
234_XIAOMI-REDMI-NOTE-5A-PRIME_S.jpg,0
146_NIKON-D3400-18-55MM_S.JPG,0
150_NIKON-D3400-18-55MM_S.JPG,0
276_NIKON-D3400-18-55MM_S.JPG,0
8_SAMSUNG-GALAXY-A6_S.jpg,0
71_SAMSUNG-GALAXY-A6_S.jpg,0
210_CANON-6D-70-200MM_S.JPG,0
284_SONY-NEX-5T_S.JPG,0
236_IPHONE-SE_S.jpg,0
205_HUAWEI-P20-LITE_S.jpg,0
37_HONOR-8X_S.jpg,0
9_HUAWEI-P20_S.jpg,0
56_HONOR-8X_S.jpg,0
287_WILEYFOX-SWIFT-2-PLUS_S.jpg,0
163_SAMSUNG-GALAXY-GRAND-PRIME-PLUS_S.jpg,0
225_HONOR-7C_S.jpg,0
345_XIAOMI-PROCOFONE-F1_S.jpg,0
331_XIAOMI-PROCOFONE-F1_S.jpg,0
137_NIKON-D3400-18-55MM_S.JPG,0
6_HUAWEI-MATE20_S.jpg,0
343_XIAOMI-PROCOFONE-F1_S.jpg,0
172_IPHONE-SE_S.jpg,0
49_HONOR-8X_S.jpg,0
227_SAMSUNG-GALAXY-A3_S.jpg,0
103_HUAWEI-P20_S.jpg,0
265_HONOR-9-LITE_S.jpg,0
13_IPHONE-8-PLUS_S.jpg,0
109_HONOR-7X_S.jpg,0
204_XIAOMI-MI8-SE_S.jpg,0
253_XIAOMI-REDMI-NOTE-7_S.jpg,0
328_SAMSUNG-GALAXY-J3_S.jpg,0
289_WILEYFOX-SWIFT-2-PLUS_S.jpg,0
82_HONOR-8X_S.jpg,0
183_XIAOMI-REDMI-7_S.jpg,0
140_SAMSUNG-GALAXY-J5_S.jpg,0
122_HONOR-7X_S.jpg,0
11_XIAOMI-MI8-SE_S.jpg,0
73_PANASONIC-DMC-TZ35_S.JPG,0
209_SAMSUNG-GALAXY-A8_S.jpg,0
50_HONOR-8X_S.jpg,0
59_IPHONE-6S_S.jpg,0
254_XIAOMI-REDMI-7_S.jpg,0
161_XIAOMI-MI8-SE_S.jpg,0
181_HONOR-10_S.jpg,0
313_XIAOMI-PROCOFONE-F1_S.jpg,0
190_NIKON-D3400-18-55MM_S.JPG,0
155_HONOR-10_S.jpg,0
187_XIAOMI-REDMI-4A_S.jpg,0
235_IPHONE-SE_S.jpg,0
175_IPHONE-SE_S.jpg,0
21_HUAWEI-Y9_S.jpg,0
35_IPHONE-6S_S.jpeg,0
102_NIKON-D3400-35MM_S.JPG,0
348_IPHONE-8_S.JPG,0
48_HONOR-8X_S.jpg,0
96_HONOR-7X_S.jpg,0
334_XIAOMI-PROCOFONE-F1_S.jpg,0
15_HONOR-7C_S.jpg,0
176_HONOR-7X_S.jpg,0
2_XIAOMI-PROCOFONE-F1_S.jpg,0
200_HUAWEI-MATE20_S.jpg,0
54_HONOR-8X_S.jpg,0
60_IPHONE-8-PLUS_S.jpg,0
180_HONOR-10_S.jpg,0
53_NIKON-D3400-35MM_S.JPG,0
220_IPHONE-6_S.jpg,0
196_IPHONE-SE_S.jpg,0
112_NIKON-D3400-35MM_S.JPG,0
177_HONOR-7X_S.jpg,0
325_SAMSUNG-GALAXY-J3_S.jpg,0
38_HONOR-8X_S.jpg,0
64_SAMSUNG-GALAXY-S5_S.jpg,0
238_HONOR-7X_S.jpg,0
164_XIAOMI-MI8-SE_S.jpg,0
189_HONOR-7X_S.jpg,0
179_CANON-6D-100MM_S.JPG,0
167_HONOR-7X_S.jpg,0
124_HONOR-7X_S.jpg,0
62_HONOR-8X_S.jpg,0
256_SAMSUNG-GALAXY-GRAND-PRIME_S.jpg,0
152_NIKON-D3400-18-55MM_S.JPG,0
333_HONOR-7X_S.jpg,0
101_NIKON-D3400-35MM_S.JPG,0
273_NIKON-D3400-18-55MM_S.JPG,0
216_ASUS-ZENFONE-LIVE-ZB501KL_S.jpg,0
307_HONOR-7X_S.jpg,0
28_HONOR-8X_S.jpg,0
321_XIAOMI-PROCOFONE-F1_S.jpg,0
85_HONOR-8X_S.jpg,0
92_IPHONE-7_S.jpeg,0
87_IPHONE-8-PLUS_S.jpg,0
43_HONOR-8X_S.jpg,0
306_XIAOMI-REDMI-5-PLUS_M.jpg,1
71_SAMSUNG-GALAXY-A6_M.jpg,1
39_XIAOMI-MI8-LITE_M.jpg,1
277_NIKON-D3400-18-55MM_M.JPG,1
185_HONOR-6X_M.jpg,1
338_IPHONE-SE_M.jpg,1
153_NIKON-D3400-18-55MM_M.JPG,1
175_IPHONE-SE_M.jpg,1
147_NIKON-D3400-35MM_M.JPG,1
163_SAMSUNG-GALAXY-GRAND-PRIME-PLUS_M.jpg,1
121_HONOR-7X_M.jpg,1
211_SAMSUNG-GALAXY-7-NEO_M.jpg,1
43_HONOR-8X_M.jpg,1
50_HONOR-8X_M.jpg,1
86_HONOR-8X_M.jpg,1
283_HONOR-10_M.jpg,1
132_NIKON-D3400-18-55MM_M.JPG,1
16_IPHONE-7_M.jpeg,1
110_IPHONE-7_M.jpeg,1
120_HONOR-7X_M.jpg,1
215_LG-Q6_M.jpg,1
35_IPHONE-6S_M.jpeg,1
249_IPHONE-SE_M.jpeg,1
26_HONOR-8X_M.jpg,1
178_HONOR-7X_M.jpg,1
122_HONOR-7X_M.jpg,1
119_HONOR-7X_M.jpg,1
335_XIAOMI-PROCOFONE-F1_M.jpg,1
123_NIKON-D3400-35MM_M.JPG,1
319_XIAOMI-REDMI-NOTE-4X_M.jpg,1
192_XIAOMI-MI8-SE_M.jpg,1
157_NIKON-D3400-35MM_M.JPG,1
27_HONOR-8X_M.jpg,1
344_XIAOMI-PROCOFONE-F1_M.jpg,1
256_SAMSUNG-GALAXY-GRAND-PRIME_M.jpg,1
196_IPHONE-SE_M.jpg,1
4_XIAOMI-PROCOFONE-F1_M.jpg,1
267_SONY-NEX-5T_M.JPG,1
136_XIAOMI-REDMI-3S_M.jpg,1
135_NIKON-D3400-18-55MM_M.JPG,1
299_NIKON-D3400-35MM_M.JPG,1
34_HONOR-8X_M.jpg,1
112_NIKON-D3400-35MM_M.JPG,1
65_NIKON-D3400-35MM_M.JPG,1
233_XIAOMI-REDMI-4_M.jpg,1
221_IPHONE-SE_M.jpg,1
23_HUAWEI-P20_M.jpg,1
55_HONOR-8X_M.jpg,1
210_CANON-6D-70-200MM_M.JPG,1
124_HONOR-7X_M.jpg,1
44_SONY-XPERIA-E5_M.jpg,1
94_HONOR-7X_M.jpg,1
307_HONOR-7X_M.jpg,1
212_IPHONE-SE_M.jpg,1
184_HONOR-10_M.jpg,1
11_XIAOMI-MI8-SE_M.jpg,1
240_HONOR-7X_M.jpg,1
90_HONOR-7X_M.jpg,1
282_SONY-NEX-5T_M.JPG,1
261_HONOR-10_M.jpg,1
30_HONOR-8X_M.jpg,1
321_XIAOMI-PROCOFONE-F1_M.jpg,1
225_HONOR-7C_M.jpg,1
5_XIAOMI-PROCOFONE-F1_M.jpg,1
310_XIAOMI-PROCOFONE-F1_M.jpg,1
46_IPHONE-8-PLUS_M.jpg,1
102_NIKON-D3400-35MM_M.JPG,1
331_XIAOMI-PROCOFONE-F1_M.jpg,1
128_XIAOMI-MI8-SE_M.jpg,1
33_HONOR-8X_M.jpg,1
334_XIAOMI-PROCOFONE-F1_M.jpg,1
52_HONOR-8X_M.jpg,1
279_NIKON-D3400-18-55MM_M.JPG,1
200_HUAWEI-MATE20_M.jpg,1
323_XIAOMI-PROCOFONE-F1_M.jpg,1
236_IPHONE-SE_M.jpg,1
325_SAMSUNG-GALAXY-J3_M.jpg,1
234_XIAOMI-REDMI-NOTE-5A-PRIME_M.jpg,1
237_SAMSUNG-GALAXY-J5_M.jpg,1
309_SAMSUNG-GALAXY-A8_M.jpg,1
58_IPHONE-6S_M.jpeg,1
303_SAMSUNG-GALAXY-A8_M.jpg,1
301_NIKON-D3400-35MM_M.JPG,1
168_CANON-6D-100MM_M.JPG,1
302_IPHONE-SE_M.jpeg,1
242_IPHONE-6S_M.jpeg,1
320_HONOR-7X_M.jpg,1
176_HONOR-7X_M.jpg,1
346_HUAWEI-MATE20_M.jpg,1
107_XIAOMI-MI8-SE_M.jpg,1
144_NIKON-D3400-18-55MM_M.JPG,1
51_IPHONE-SE_M.jpg,1
63_HUAWEI-P20_M.jpg,1
274_NIKON-D3400-18-55MM_M.JPG,1
151_NIKON-D3400-35MM_M.JPG,1
146_NIKON-D3400-18-55MM_M.JPG,1
216_ASUS-ZENFONE-LIVE-ZB501KL_M.jpg,1
228_ASUS-ZENFONE-LIVE-ZB501KL_M.jpg,1
69_SAMSUNG-GALAXY-J3_M.jpg,1
54_HONOR-8X_M.jpg,1
141_NIKON-D3400-18-55MM_M.JPG,1
14_IPHONE-7_M.jpeg,1
152_NIKON-D3400-18-55MM_M.JPG,1
115_NIKON-D3400-35MM_M.JPG,1
255_XIAOMI-REDMI-7_M.jpg,1
207_SAMSUNG-GALAXY-J7_M.jpg,1
285_SONY-NEX-5T_M.JPG,1
265_HONOR-9-LITE_M.jpg,1
254_XIAOMI-REDMI-7_M.jpg,1
297_NIKON-D3400-35MM_M.JPG,1
106_NIKON-D3400-35MM_M.JPG,1
312_ASUS-ZENFONE-LIVE-ZB501KL_M.jpg,1
284_SONY-NEX-5T_M.JPG,1
222_IPHONE-SE_M.jpg,1
127_IPHONE-8_M.jpeg,1
177_HONOR-7X_M.jpg,1
202_HUAWEI-P20-LITE_M.jpg,1
145_NIKON-D3400-18-55MM_M.JPG,1
9_HUAWEI-P20_M.jpg,1
239_IPHONE-6S_M.jpeg,1
38_HONOR-8X_M.jpg,1
149_NIKON-D3400-18-55MM_M.JPG,1
257_HONOR-9_M.jpg,1
67_HONOR-8X_M.jpg,1
99_HONOR-7X_M.jpg,1
322_HONOR-7C_M.jpg,1
171_HUAWEI-P20-LITE_M.jpg,1
199_CANON-6D-100MM_M.JPG,1
88_HONOR-8X_M.jpg,1
295_HONOR-7X_M.jpg,1
85_HONOR-8X_M.jpg,1
41_XIAOMI-PROCOFONE-F1_M.jpg,1
117_HONOR-7X_M.jpg,1
238_HONOR-7X_M.jpg,1
259_XIAOMI-REDMI-7_M.jpg,1
318_HONOR-7C_M.jpg,1
130_NIKON-D3400-18-55MM_M.JPG,1
138_NIKON-D3400-35MM_M.JPG,1
182_HONOR-10_M.jpg,1
154_IPHONE-7_M.jpeg,1
294_PRESTIGIO-MULTI-PHONE_M.jpg,1
3_HUAWEI-NOVA-LITE_M.jpg,1
181_HONOR-10_M.jpg,1
266_SONY-NEX-5T_M.JPG,1
160_HUAWEI-P20-LITE_M.jpg,1
82_HONOR-8X_M.jpg,1
229_WILEYFOX-SWIFT-2-PLUS_M.jpg,1
13_IPHONE-8-PLUS_M.jpg,1
327_IPHONE-SE_M.jpg,1
348_IPHONE-8_M.JPG,1
248_IPHONE-7_M.jpeg,1
73_PANASONIC-DMC-TZ35_M.JPG,1
204_XIAOMI-MI8-SE_M.jpg,1
28_HONOR-8X_M.jpg,1
244_HONOR-7X_M.jpg,1
159_NIKON-D3400-35MM_M.JPG,1
164_XIAOMI-MI8-SE_M.jpg,1
193_IPHONE-7_M.jpeg,1
194_IPHONE-SE_M.jpg,1
250_IPHONE-SE_M.jpeg,1
218_IPHONE-SE_M.jpg,1
165_SAMSUNG-GALAXY-J3_M.jpg,1
76_HONOR-8X_M.jpg,1
343_XIAOMI-PROCOFONE-F1_M.jpg,1
83_HONOR-8X_M.jpg,1
95_HONOR-7X_M.jpg,1
70_HONOR-8X_M.jpg,1
91_HONOR-7X_M.jpg,1
231_IPHONE-7-PLUS_M.jpg,1
142_NIKON-D3400-18-55MM_M.JPG,1
170_IPHONE-8_M.JPG,1
220_IPHONE-6_M.jpg,1
64_SAMSUNG-GALAXY-S5_M.jpg,1
246_HONOR-9_M.jpg,1
134_NIKON-D3400-18-55MM_M.JPG,1
166_XIAOMI-MI8-SE_M.jpg,1
74_HONOR-8X_M.jpg,1
209_SAMSUNG-GALAXY-A8_M.jpg,1
179_CANON-6D-100MM_M.JPG,1
89_IPHONE-6S_M.jpeg,1
118_HONOR-7X_M.jpg,1
190_NIKON-D3400-18-55MM_M.JPG,1
252_HUAWEI-P30_M.jpg,1
317_IPHONE-8-PLUS_M.jpg,1
137_NIKON-D3400-18-55MM_M.JPG,1
79_HUAWEI-P30-PRO_M.jpg,1
60_IPHONE-8-PLUS_M.jpg,1
10_ASUS-ZENFONE-LIVE-ZB501KL_M.jpg,1
213_ONEPLUS-3T_M.jpg,1
22_HUAWEI-Y9_M.jpg,1
139_NIKON-D3400-18-55MM_M.JPG,1
273_NIKON-D3400-18-55MM_M.JPG,1
78_NIKON-D3400-35MM_M.JPG,1
296_NIKON-D3400-35MM_M.JPG,1
61_XIAOMI-REDMI-7_M.jpg,1
31_IPHONE-SE_M.jpg,1
17_HUAWEI-MATE20_M.jpg,1
308_IPHONE-6S_M.jpeg,1
281_NIKON-D3400-18-55MM_M.JPG,1
219_IPHONE-6S_M.jpg,1
205_HUAWEI-P20-LITE_M.jpg,1
72_IPHONE-8_M.jpg,1
214_IPHONE-SE_M.jpg,1
330_XIAOMI-PROCOFONE-F1_M.jpg,1
87_IPHONE-8-PLUS_M.jpg,1
111_IPHONE-7_M.jpeg,1
314_IPHONE-5S_M.jpeg,1
53_NIKON-D3400-35MM_M.JPG,1
186_HONOR-8_M.jpg,1
40_IPHONE-6S_M.jpeg,1
269_NIKON-D3400-18-55MM_M.JPG,1
349_IPHONE-SE_M.jpg,1
97_HONOR-7X_M.jpg,1
8_SAMSUNG-GALAXY-A6_M.jpg,1
37_HONOR-8X_M.jpg,1
21_HUAWEI-Y9_M.jpg,1
290_IPHONE-SE_M.jpg,1
36_HONOR-8X_M.jpg,1
341_XIAOMI-PROCOFONE-F1_M.jpg,1
7_NIKON-D3400-35MM_M.JPG,1
291_IPHONE-SE_M.jpg,1
161_XIAOMI-MI8-SE_M.jpg,1
304_SAMSUNG-GALAXY-J7_M.jpg,1
206_IPHONE-7_M.jpg,1
275_NIKON-D3400-18-55MM_M.JPG,1
6_HUAWEI-MATE20_M.jpg,1
347_XIAOMI-PROCOFONE-F1_M.jpg,1
276_NIKON-D3400-18-55MM_M.JPG,1
272_NIKON-D3400-18-55MM_M.JPG,1
315_HUAWEI-NOVA-LITE_M.jpg,1
140_SAMSUNG-GALAXY-J5_M.jpg,1
342_XIAOMI-PROCOFONE-F1_M.jpg,1
80_HUAWEI-P30-PRO_M.jpg,1
66_HONOR-8X_M.jpg,1
243_HONOR-7X_M.jpg,1
224_ONEPLUS-3T_M.jpg,1
188_NIKON-D3400-18-55MM_M.JPG,1
42_NIKON-D3400-35MM_M.JPG,1
311_HONOR-6X_M.jpg,1
167_HONOR-7X_M.jpg,1
180_HONOR-10_M.jpg,1
169_HONOR-7X_M.jpg,1
337_XIAOMI-PROCOFONE-F1_M.jpg,1
114_ASUS-ZE500KL_M.jpg,1
0_IPHONE-SE_M.JPG,1
333_HONOR-7X_M.jpg,1
217_IPHONE-SE_M.jpg,1
227_SAMSUNG-GALAXY-A3_M.jpg,1
263_XIAOMI-REDMI-3S_M.jpg,1
326_XIAOMI-PROCOFONE-F1_M.jpg,1
260_HUAWEI-NOVA-LITE_M.jpg,1
103_HUAWEI-P20_M.jpg,1
156_HUAWEI-P30-LITE_M.jpg,1
59_IPHONE-6S_M.jpg,1
223_HONOR-4C_M.jpg,1
62_HONOR-8X_M.jpg,1
100_NIKON-D3400-35MM_M.JPG,1
268_NIKON-D3400-18-55MM_M.JPG,1
293_NIKON-D3400-35MM_M.JPG,1
287_WILEYFOX-SWIFT-2-PLUS_M.jpg,1
173_IPHONE-SE_M.jpg,1
232_SAMSUNG-EDGE-7C_M.jpg,1
15_HONOR-7C_M.jpg,1
108_XIAOMI-MI8-SE_M.jpg,1
197_HUAWEI-P20-LITE_M.jpg,1
116_BQ-5512L_M.jpg,1
129_NIKON-D3400-18-55MM_M.JPG,1
258_HONOR-10_M.jpg,1
158_IPHONE-7_M.jpeg,1
313_XIAOMI-PROCOFONE-F1_M.jpg,1
253_XIAOMI-REDMI-NOTE-7_M.jpg,1
324_ASUS-ZENFONE-LIVE-ZB501KL_M.jpg,1
270_NIKON-D3400-18-55MM_M.JPG,1
150_NIKON-D3400-18-55MM_M.JPG,1
96_HONOR-7X_M.jpg,1
336_ASUS-ZENFONE-LIVE-ZB501KL_M.jpg,1
45_HONOR-7X_M.jpg,1
195_IPHONE-7_M.jpeg,1
226_IPHONE-7-PLUS_M.jpeg,1
49_HONOR-8X_M.jpg,1
29_HONOR-7X_M.jpg,1
235_IPHONE-SE_M.jpg,1
18_XIAOMI-REDMI-5-PLUS_M.jpg,1
162_IPHONE-6S_M.jpg,1
155_HONOR-10_M.jpg,1
20_XIAOMI-REDMI-3S_M.jpg,1
126_NIKON-D3400-18-55MM_M.JPG,1
208_SAMSUNG-GALAXY-A5_M.jpg,1
93_HONOR-7X_M.jpg,1
340_XIAOMI-PROCOFONE-F1_M.jpg,1
189_HONOR-7X_M.jpg,1
113_SAMSUNG-GALAXY-A5_M.jpg,1
241_HONOR-7X_M.jpg,1
278_HONOR-7X_M.jpg,1
339_XIAOMI-REDMI-4X_M.jpg,1
251_IPHONE-6S_M.jpeg,1
328_SAMSUNG-GALAXY-J3_M.jpg,1
280_NIKON-D3400-18-55MM_M.JPG,1
198_HUAWEI-P20-LITE_M.jpg,1
305_HONOR-9_M.jpg,1
245_HONOR-7X_M.jpg,1
316_IPHONE-7_M.jpeg,1
12_SAMSUNG-GALAXY-J5_M.jpg,1
264_IPHONE-7_M.jpeg,1
148_NIKON-D3400-18-55MM_M.JPG,1
174_HUAWEI-P20_M.jpg,1
19_IPHONE-7-PLUS_M.jpeg,1
92_IPHONE-7_M.jpeg,1
77_HONOR-7C_M.jpg,1
75_HONOR-8X_M.jpg,1
332_XIAOMI-PROCOFONE-F1_M.jpg,1
247_HONOR-7X_M.jpg,1
57_IPHONE-SE_M.jpg,1
101_NIKON-D3400-35MM_M.JPG,1
105_IPHONE-SE_M.jpg,1
345_XIAOMI-PROCOFONE-F1_M.jpg,1
32_HUAWEI-P-SMART_M.jpg,1
289_WILEYFOX-SWIFT-2-PLUS_M.jpg,1
271_NIKON-D3400-18-55MM_M.JPG,1
300_XIAOMI-REDMI-NOTE-7_M.jpg,1
191_NIKON-D3400-18-55MM_M.JPG,1
25_HUAWEI-Y9_M.jpg,1
109_HONOR-7X_M.jpg,1
48_HONOR-8X_M.jpg,1
131_NIKON-D3400-18-55MM_M.JPG,1
286_SONY-NEX-5T_M.JPG,1
201_IPHONE-SE_M.jpg,1
183_XIAOMI-REDMI-7_M.jpg,1
292_NIKON-D3400-35MM_M.JPG,1
125_NIKON-D3400-35MM_M.JPG,1
262_IPHONE-SE_M.jpg,1
56_HONOR-8X_M.jpg,1
84_IPHONE-XR_M.jpeg,1
203_IPHONE-SE_M.jpg,1
230_NOKIA-21_M.jpg,1
1_XIAOMI-PROCOFONE-F1_M.jpg,1
133_NIKON-D3400-18-55MM_M.JPG,1
187_XIAOMI-REDMI-4A_M.jpg,1
24_HUAWEI-Y9_M.jpg,1
329_HONOR-7C_M.jpg,1
143_NIKON-D3400-18-55MM_M.JPG,1
2_XIAOMI-PROCOFONE-F1_M.jpg,1
47_XIAOMI-REDMI-7_M.jpg,1
104_IPHONE-SE_M.jpg,1
288_XIAOMI-REDMI-NOTE-7_M.jpg,1
298_NIKON-D3400-35MM_M.JPG,1
68_HONOR-8X_M.jpg,1
81_SAMSUNG-GALAXY-J3_M.jpg,1
172_IPHONE-SE_M.jpg,1
98_HONOR-7X_M.jpg,1
200_HUAWEI-MATE20_F.jpg,1
244_HONOR-7X_F.jpg,1
157_NIKON-D3400-35MM_F.JPG,1
296_NIKON-D3400-35MM_F.JPG,1
61_XIAOMI-REDMI-7_F.jpg,1
162_IPHONE-6S_F.jpg,1
120_HONOR-7X_F.jpg,1
284_SONY-NEX-5T_F.JPG,1
112_NIKON-D3400-35MM_F.JPG,1
15_HONOR-7C_F.jpg,1
337_XIAOMI-PROCOFONE-F1_F.jpg,1
2_XIAOMI-PROCOFONE-F1_F.jpg,1
95_HONOR-7X_F.jpg,1
334_XIAOMI-PROCOFONE-F1_F.jpg,1
133_NIKON-D3400-18-55MM_F.JPG,1
154_IPHONE-7_F.jpeg,1
62_HONOR-8X_F.jpg,1
188_NIKON-D3400-18-55MM_F.JPG,1
345_XIAOMI-PROCOFONE-F1_F.jpg,1
328_SAMSUNG-GALAXY-J3_F.jpg,1
9_HUAWEI-P20_F.jpg,1
58_IPHONE-6S_F.jpeg,1
175_IPHONE-SE_F.jpg,1
135_NIKON-D3400-18-55MM_F.JPG,1
138_NIKON-D3400-35MM_F.JPG,1
294_PRESTIGIO-MULTI-PHONE_F.jpg,1
240_HONOR-7X_F.jpg,1
20_XIAOMI-REDMI-3S_F.jpg,1
297_NIKON-D3400-35MM_F.JPG,1
180_HONOR-10_F.jpg,1
327_IPHONE-SE_F.jpg,1
197_HUAWEI-P20-LITE_F.jpg,1
275_NIKON-D3400-18-55MM_F.JPG,1
124_HONOR-7X_F.jpg,1
191_NIKON-D3400-18-55MM_F.JPG,1
67_HONOR-8X_F.jpg,1
249_IPHONE-SE_F.jpeg,1
322_HONOR-7C_F.jpg,1
7_NIKON-D3400-35MM_F.JPG,1
54_HONOR-8X_F.jpg,1
156_HUAWEI-P30-LITE_F.jpg,1
106_NIKON-D3400-35MM_F.JPG,1
70_HONOR-8X_F.jpg,1
68_HONOR-8X_F.jpg,1
173_IPHONE-SE_F.jpg,1
44_SONY-XPERIA-E5_F.jpg,1
31_IPHONE-SE_F.jpg,1
29_HONOR-7X_F.jpg,1
257_HONOR-9_F.jpg,1
6_HUAWEI-MATE20_F.jpg,1
170_IPHONE-8_F.JPG,1
228_ASUS-ZENFONE-LIVE-ZB501KL_F.jpg,1
139_NIKON-D3400-18-55MM_F.JPG,1
113_SAMSUNG-GALAXY-A5_F.jpg,1
102_NIKON-D3400-35MM_F.JPG,1
212_IPHONE-SE_F.jpg,1
237_SAMSUNG-GALAXY-J5_F.jpg,1
260_HUAWEI-NOVA-LITE_F.jpg,1
207_SAMSUNG-GALAXY-J7_F.jpg,1
236_IPHONE-SE_F.jpg,1
18_XIAOMI-REDMI-5-PLUS_F.jpg,1
332_XIAOMI-PROCOFONE-F1_F.jpg,1
196_IPHONE-SE_F.jpg,1
94_HONOR-7X_F.jpg,1
23_HUAWEI-P20_F.jpg,1
140_SAMSUNG-GALAXY-J5_F.jpg,1
125_NIKON-D3400-35MM_F.JPG,1
116_BQ-5512L_F.jpg,1
252_HUAWEI-P30_F.jpg,1
97_HONOR-7X_F.jpg,1
127_IPHONE-8_F.jpeg,1
265_HONOR-9-LITE_F.jpg,1
273_NIKON-D3400-18-55MM_F.JPG,1
38_HONOR-8X_F.jpg,1
47_XIAOMI-REDMI-7_F.jpg,1
4_XIAOMI-PROCOFONE-F1_F.jpg,1
223_HONOR-4C_F.jpg,1
214_IPHONE-SE_F.jpg,1
224_ONEPLUS-3T_F.jpg,1
272_NIKON-D3400-18-55MM_F.JPG,1
194_IPHONE-SE_F.jpg,1
90_HONOR-7X_F.jpg,1
279_NIKON-D3400-18-55MM_F.JPG,1
218_IPHONE-SE_F.jpg,1
111_IPHONE-7_F.jpeg,1
41_XIAOMI-PROCOFONE-F1_F.jpg,1
107_XIAOMI-MI8-SE_F.jpg,1
166_XIAOMI-MI8-SE_F.jpg,1
264_IPHONE-7_F.jpeg,1
86_HONOR-8X_F.jpg,1
51_IPHONE-SE_F.jpg,1
229_WILEYFOX-SWIFT-2-PLUS_F.jpg,1
182_HONOR-10_F.jpg,1
193_IPHONE-7_F.jpeg,1
189_HONOR-7X_F.jpg,1
333_HONOR-7X_F.jpg,1
147_NIKON-D3400-35MM_F.JPG,1
335_XIAOMI-PROCOFONE-F1_F.jpg,1
238_HONOR-7X_F.jpg,1
78_NIKON-D3400-35MM_F.JPG,1
184_HONOR-10_F.jpg,1
88_HONOR-8X_F.jpg,1
168_CANON-6D-100MM_F.JPG,1
12_SAMSUNG-GALAXY-J5_F.jpg,1
299_NIKON-D3400-35MM_F.JPG,1
254_XIAOMI-REDMI-7_F.jpg,1
145_NIKON-D3400-18-55MM_F.JPG,1
96_HONOR-7X_F.jpg,1
81_SAMSUNG-GALAXY-J3_F.jpg,1
202_HUAWEI-P20-LITE_F.jpg,1
72_IPHONE-8_F.jpg,1
187_XIAOMI-REDMI-4A_F.jpg,1
302_IPHONE-SE_F.jpeg,1
149_NIKON-D3400-18-55MM_F.JPG,1
104_IPHONE-SE_F.jpg,1
56_HONOR-8X_F.jpg,1
80_HUAWEI-P30-PRO_F.jpg,1
343_XIAOMI-PROCOFONE-F1_F.jpg,1
89_IPHONE-6S_F.jpeg,1
13_IPHONE-8-PLUS_F.jpg,1
169_HONOR-7X_F.jpg,1
98_HONOR-7X_F.jpg,1
131_NIKON-D3400-18-55MM_F.JPG,1
69_SAMSUNG-GALAXY-J3_F.jpg,1
36_HONOR-8X_F.jpg,1
52_HONOR-8X_F.jpg,1
110_IPHONE-7_F.jpeg,1
46_IPHONE-8-PLUS_F.jpg,1
185_HONOR-6X_F.jpg,1
344_XIAOMI-PROCOFONE-F1_F.jpg,1
39_XIAOMI-MI8-LITE_F.jpg,1
309_SAMSUNG-GALAXY-A8_F.jpg,1
132_NIKON-D3400-18-55MM_F.JPG,1
3_HUAWEI-NOVA-LITE_F.jpg,1
201_IPHONE-SE_F.jpg,1
277_NIKON-D3400-18-55MM_F.JPG,1
304_SAMSUNG-GALAXY-J7_F.jpg,1
42_NIKON-D3400-35MM_F.JPG,1
227_SAMSUNG-GALAXY-A3_F.jpg,1
313_XIAOMI-PROCOFONE-F1_F.jpg,1
220_IPHONE-6_F.jpg,1
326_XIAOMI-PROCOFONE-F1_F.jpg,1
235_IPHONE-SE_F.jpg,1
119_HONOR-7X_F.jpg,1
209_SAMSUNG-GALAXY-A8_F.jpg,1
231_IPHONE-7-PLUS_F.jpg,1
210_CANON-6D-70-200MM_F.JPG,1
115_NIKON-D3400-35MM_F.JPG,1
16_IPHONE-7_F.jpeg,1
100_NIKON-D3400-35MM_F.JPG,1
33_HONOR-8X_F.jpg,1
17_HUAWEI-MATE20_F.jpg,1
246_HONOR-9_F.jpg,1
251_IPHONE-6S_F.jpeg,1
233_XIAOMI-REDMI-4_F.jpg,1
5_XIAOMI-PROCOFONE-F1_F.jpg,1
269_NIKON-D3400-18-55MM_F.JPG,1
28_HONOR-8X_F.jpg,1
192_XIAOMI-MI8-SE_F.jpg,1
259_XIAOMI-REDMI-7_F.jpg,1
338_IPHONE-SE_F.jpg,1
53_NIKON-D3400-35MM_F.JPG,1
205_HUAWEI-P20-LITE_F.jpg,1
66_HONOR-8X_F.jpg,1
219_IPHONE-6S_F.jpg,1
204_XIAOMI-MI8-SE_F.jpg,1
315_HUAWEI-NOVA-LITE_F.jpg,1
27_HONOR-8X_F.jpg,1
84_IPHONE-XR_F.jpeg,1
21_HUAWEI-Y9_F.jpg,1
85_HONOR-8X_F.jpg,1
225_HONOR-7C_F.jpg,1
40_IPHONE-6S_F.jpeg,1
305_HONOR-9_F.jpg,1
267_SONY-NEX-5T_F.JPG,1
234_XIAOMI-REDMI-NOTE-5A-PRIME_F.jpg,1
186_HONOR-8_F.jpg,1
286_SONY-NEX-5T_F.JPG,1
14_IPHONE-7_F.jpeg,1
312_ASUS-ZENFONE-LIVE-ZB501KL_F.jpg,1
348_IPHONE-8_F.JPG,1
347_XIAOMI-PROCOFONE-F1_F.jpg,1
171_HUAWEI-P20-LITE_F.jpg,1
71_SAMSUNG-GALAXY-A6_F.jpg,1
221_IPHONE-SE_F.jpg,1
1_XIAOMI-PROCOFONE-F1_F.jpg,1
152_NIKON-D3400-18-55MM_F.JPG,1
74_HONOR-8X_F.jpg,1
198_HUAWEI-P20-LITE_F.jpg,1
323_XIAOMI-PROCOFONE-F1_F.jpg,1
283_HONOR-10_F.jpg,1
331_XIAOMI-PROCOFONE-F1_F.jpg,1
55_HONOR-8X_F.jpg,1
153_NIKON-D3400-18-55MM_F.JPG,1
163_SAMSUNG-GALAXY-GRAND-PRIME-PLUS_F.jpg,1
165_SAMSUNG-GALAXY-J3_F.jpg,1
206_IPHONE-7_F.jpg,1
239_IPHONE-6S_F.jpeg,1
215_LG-Q6_F.jpg,1
263_XIAOMI-REDMI-3S_F.jpg,1
151_NIKON-D3400-35MM_F.JPG,1
22_HUAWEI-Y9_F.jpg,1
158_IPHONE-7_F.jpeg,1
346_HUAWEI-MATE20_F.jpg,1
340_XIAOMI-PROCOFONE-F1_F.jpg,1
177_HONOR-7X_F.jpg,1
34_HONOR-8X_F.jpg,1
73_PANASONIC-DMC-TZ35_F.JPG,1
216_ASUS-ZENFONE-LIVE-ZB501KL_F.jpg,1
295_HONOR-7X_F.jpg,1
26_HONOR-8X_F.jpg,1
32_HUAWEI-P-SMART_F.jpg,1
50_HONOR-8X_F.jpg,1
195_IPHONE-7_F.jpeg,1
172_IPHONE-SE_F.jpg,1
293_NIKON-D3400-35MM_F.JPG,1
243_HONOR-7X_F.jpg,1
311_HONOR-6X_F.jpg,1
77_HONOR-7C_F.jpg,1
108_XIAOMI-MI8-SE_F.jpg,1
92_IPHONE-7_F.jpeg,1
136_XIAOMI-REDMI-3S_F.jpg,1
134_NIKON-D3400-18-55MM_F.JPG,1
63_HUAWEI-P20_F.jpg,1
329_HONOR-7C_F.jpg,1
101_NIKON-D3400-35MM_F.JPG,1
307_HONOR-7X_F.jpg,1
11_XIAOMI-MI8-SE_F.jpg,1
93_HONOR-7X_F.jpg,1
160_HUAWEI-P20-LITE_F.jpg,1
342_XIAOMI-PROCOFONE-F1_F.jpg,1
319_XIAOMI-REDMI-NOTE-4X_F.jpg,1
199_CANON-6D-100MM_F.JPG,1
181_HONOR-10_F.jpg,1
30_HONOR-8X_F.jpg,1
278_HONOR-7X_F.jpg,1
91_HONOR-7X_F.jpg,1
349_IPHONE-SE_F.jpg,1
314_IPHONE-5S_F.jpeg,1
341_XIAOMI-PROCOFONE-F1_F.jpg,1
241_HONOR-7X_F.jpg,1
253_XIAOMI-REDMI-NOTE-7_F.jpg,1
262_IPHONE-SE_F.jpg,1
8_SAMSUNG-GALAXY-A6_F.jpg,1
117_HONOR-7X_F.jpg,1
281_NIKON-D3400-18-55MM_F.JPG,1
300_XIAOMI-REDMI-NOTE-7_F.jpg,1
261_HONOR-10_F.jpg,1
141_NIKON-D3400-18-55MM_F.JPG,1
255_XIAOMI-REDMI-7_F.jpg,1
310_XIAOMI-PROCOFONE-F1_F.jpg,1
330_XIAOMI-PROCOFONE-F1_F.jpg,1
321_XIAOMI-PROCOFONE-F1_F.jpg,1
25_HUAWEI-Y9_F.jpg,1
256_SAMSUNG-GALAXY-GRAND-PRIME_F.jpg,1
82_HONOR-8X_F.jpg,1
176_HONOR-7X_F.jpg,1
285_SONY-NEX-5T_F.JPG,1
121_HONOR-7X_F.jpg,1
35_IPHONE-6S_F.jpeg,1
24_HUAWEI-Y9_F.jpg,1
308_IPHONE-6S_F.jpeg,1
43_HONOR-8X_F.jpg,1
146_NIKON-D3400-18-55MM_F.JPG,1
144_NIKON-D3400-18-55MM_F.JPG,1
105_IPHONE-SE_F.jpg,1
99_HONOR-7X_F.jpg,1
271_NIKON-D3400-18-55MM_F.JPG,1
242_IPHONE-6S_F.jpeg,1
59_IPHONE-6S_F.jpg,1
155_HONOR-10_F.jpg,1
123_NIKON-D3400-35MM_F.JPG,1
190_NIKON-D3400-18-55MM_F.JPG,1
245_HONOR-7X_F.jpg,1
76_HONOR-8X_F.jpg,1
303_SAMSUNG-GALAXY-A8_F.jpg,1
130_NIKON-D3400-18-55MM_F.JPG,1
282_SONY-NEX-5T_F.JPG,1
148_NIKON-D3400-18-55MM_F.JPG,1
287_WILEYFOX-SWIFT-2-PLUS_F.jpg,1
137_NIKON-D3400-18-55MM_F.JPG,1
183_XIAOMI-REDMI-7_F.jpg,1
291_IPHONE-SE_F.jpg,1
114_ASUS-ZE500KL_F.jpg,1
10_ASUS-ZENFONE-LIVE-ZB501KL_F.jpg,1
280_NIKON-D3400-18-55MM_F.JPG,1
301_NIKON-D3400-35MM_F.JPG,1
203_IPHONE-SE_F.jpg,1
64_SAMSUNG-GALAXY-S5_F.jpg,1
290_IPHONE-SE_F.jpg,1
248_IPHONE-7_F.jpeg,1
37_HONOR-8X_F.jpg,1
325_SAMSUNG-GALAXY-J3_F.jpg,1
289_WILEYFOX-SWIFT-2-PLUS_F.jpg,1
230_NOKIA-21_F.jpg,1
87_IPHONE-8-PLUS_F.jpg,1
179_CANON-6D-100MM_F.JPG,1
45_HONOR-7X_F.jpg,1
232_SAMSUNG-EDGE-7C_F.jpg,1
178_HONOR-7X_F.jpg,1
270_NIKON-D3400-18-55MM_F.JPG,1
298_NIKON-D3400-35MM_F.JPG,1
65_NIKON-D3400-35MM_F.JPG,1
75_HONOR-8X_F.jpg,1
174_HUAWEI-P20_F.jpg,1
109_HONOR-7X_F.jpg,1
317_IPHONE-8-PLUS_F.jpg,1
126_NIKON-D3400-18-55MM_F.JPG,1
247_HONOR-7X_F.jpg,1
226_IPHONE-7-PLUS_F.jpeg,1
143_NIKON-D3400-18-55MM_F.JPG,1
49_HONOR-8X_F.jpg,1
159_NIKON-D3400-35MM_F.JPG,1
288_XIAOMI-REDMI-NOTE-7_F.jpg,1
19_IPHONE-7-PLUS_F.jpeg,1
268_NIKON-D3400-18-55MM_F.JPG,1
208_SAMSUNG-GALAXY-A5_F.jpg,1
128_XIAOMI-MI8-SE_F.jpg,1
211_SAMSUNG-GALAXY-7-NEO_F.jpg,1
318_HONOR-7C_F.jpg,1
60_IPHONE-8-PLUS_F.jpg,1
57_IPHONE-SE_F.jpg,1
292_NIKON-D3400-35MM_F.JPG,1
274_NIKON-D3400-18-55MM_F.JPG,1
150_NIKON-D3400-18-55MM_F.JPG,1
336_ASUS-ZENFONE-LIVE-ZB501KL_F.jpg,1
161_XIAOMI-MI8-SE_F.jpg,1
320_HONOR-7X_F.jpg,1
217_IPHONE-SE_F.jpg,1
339_XIAOMI-REDMI-4X_F.jpg,1
48_HONOR-8X_F.jpg,1
258_HONOR-10_F.jpg,1
167_HONOR-7X_F.jpg,1
142_NIKON-D3400-18-55MM_F.JPG,1
222_IPHONE-SE_F.jpg,1
266_SONY-NEX-5T_F.JPG,1
79_HUAWEI-P30-PRO_F.jpg,1
122_HONOR-7X_F.jpg,1
129_NIKON-D3400-18-55MM_F.JPG,1
306_XIAOMI-REDMI-5-PLUS_F.jpg,1
0_IPHONE-SE_F.JPG,1
164_XIAOMI-MI8-SE_F.jpg,1
276_NIKON-D3400-18-55MM_F.JPG,1
118_HONOR-7X_F.jpg,1
250_IPHONE-SE_F.jpeg,1
213_ONEPLUS-3T_F.jpg,1
103_HUAWEI-P20_F.jpg,1
324_ASUS-ZENFONE-LIVE-ZB501KL_F.jpg,1
316_IPHONE-7_F.jpeg,1
83_HONOR-8X_F.jpg,1
